doc	item_title	item_id	subitem_page	url	path	en_title
gem5 documentation	gem5 documentation	gem5_documentation		/documentation	_pages/documentation/index.md	gem5 documentation
gem5 documentation	Development	development	Code Style	/documentation/general_docs/development/coding_style/	_pages/documentation/general_docs/developement/coding_style.md	Code Style
gem5 documentation	Development	development		/documentation/general_docs/development/coding_style/	_pages/documentation/general_docs/developement/coding_style.md	Development
gem5 documentation	Development	development	Release Procedures	/documentation/general_docs/development/release_procedures/	_pages/documentation/general_docs/developement/release_procedures.md	Release Procedures
gem5 documentation	Development	development		/documentation/general_docs/development/release_procedures/	_pages/documentation/general_docs/developement/release_procedures.md	Development
gem5 documentation	Building	building	Building	/documentation/general_docs/building	_pages/documentation/general_docs/building/index.md	Building
gem5 documentation	Building	building		/documentation/general_docs/building	_pages/documentation/general_docs/building/index.md	Building
gem5 documentation	Building	building	Building EXTRAS	/documentation/general_docs/building/EXTRAS	_pages/documentation/general_docs/building/extras.md	Building EXTRAS
gem5 documentation	Building	building		/documentation/general_docs/building/EXTRAS	_pages/documentation/general_docs/building/extras.md	Building
gem5 documentation	Using KVM	using_kvm		/documentation/general_docs/using_kvm	_pages/documentation/general_docs/kvm_setup.md	Using KVM
gem5 documentation	Sphinx Documentation	sphinx-docs		/documentation/general_docs/stdlib_api/		Sphinx Documentation
gem5 documentation	Doxygen	doxygen-docs	Develop Branch	http://doxygen.gem5.org/develop/index.html		Develop Branch
gem5 documentation	Doxygen	doxygen-docs		http://doxygen.gem5.org/develop/index.html		Doxygen
gem5 documentation	Doxygen	doxygen-docs	v19.0.0.0	http://doxygen.gem5.org/release/v19-0-0-0/index.html		v19.0.0.0
gem5 documentation	Doxygen	doxygen-docs		http://doxygen.gem5.org/release/v19-0-0-0/index.html		Doxygen
gem5 documentation	Doxygen	doxygen-docs	v20.0.0.0	http://doxygen.gem5.org/release/v20-0-0-0/index.html		v20.0.0.0
gem5 documentation	Doxygen	doxygen-docs		http://doxygen.gem5.org/release/v20-0-0-0/index.html		Doxygen
gem5 documentation	Doxygen	doxygen-docs	v20.0.0.2	http://doxygen.gem5.org/release/v20-0-0-2/index.html		v20.0.0.2
gem5 documentation	Doxygen	doxygen-docs		http://doxygen.gem5.org/release/v20-0-0-2/index.html		Doxygen
gem5 documentation	Doxygen	doxygen-docs	v20.0.0.3	http://doxygen.gem5.org/release/v20-0-0-3/index.html		v20.0.0.3
gem5 documentation	Doxygen	doxygen-docs		http://doxygen.gem5.org/release/v20-0-0-3/index.html		Doxygen
gem5 documentation	Doxygen	doxygen-docs	v20.1.0.0	http://doxygen.gem5.org/release/v20-1-0-0/index.html		v20.1.0.0
gem5 documentation	Doxygen	doxygen-docs		http://doxygen.gem5.org/release/v20-1-0-0/index.html		Doxygen
gem5 documentation	Doxygen	doxygen-docs	v20.1.0.1	http://doxygen.gem5.org/release/v20-1-0-1/index.html		v20.1.0.1
gem5 documentation	Doxygen	doxygen-docs		http://doxygen.gem5.org/release/v20-1-0-1/index.html		Doxygen
gem5 documentation	Doxygen	doxygen-docs	v20.1.0.5	http://doxygen.gem5.org/release/v20-1-0-5/index.html		v20.1.0.5
gem5 documentation	Doxygen	doxygen-docs		http://doxygen.gem5.org/release/v20-1-0-5/index.html		Doxygen
gem5 documentation	Doxygen	doxygen-docs	v21.0.0.0	http://doxygen.gem5.org/release/v21-0-0-0/index.html		v21.0.0.0
gem5 documentation	Doxygen	doxygen-docs		http://doxygen.gem5.org/release/v21-0-0-0/index.html		Doxygen
gem5 documentation	Doxygen	doxygen-docs	v21.0.1.0	http://doxygen.gem5.org/release/v21-0-1-0/index.html		v21.0.1.0
gem5 documentation	Doxygen	doxygen-docs		http://doxygen.gem5.org/release/v21-0-1-0/index.html		Doxygen
gem5 documentation	Doxygen	doxygen-docs	v21.1.0.0	http://doxygen.gem5.org/release/v21-1-0-0/index.html		v21.1.0.0
gem5 documentation	Doxygen	doxygen-docs		http://doxygen.gem5.org/release/v21-1-0-0/index.html		Doxygen
gem5 documentation	Doxygen	doxygen-docs	v21.1.0.1	http://doxygen.gem5.org/release/v21-1-0-1/index.html		v21.1.0.1
gem5 documentation	Doxygen	doxygen-docs		http://doxygen.gem5.org/release/v21-1-0-1/index.html		Doxygen
gem5 documentation	Doxygen	doxygen-docs	v21.1.0.2	http://doxygen.gem5.org/release/v21-1-0-2/index.html		v21.1.0.2
gem5 documentation	Doxygen	doxygen-docs		http://doxygen.gem5.org/release/v21-1-0-2/index.html		Doxygen
gem5 documentation	Doxygen	doxygen-docs	v21.2.0.0	http://doxygen.gem5.org/release/v21-2-0-0/index.html		v21.2.0.0
gem5 documentation	Doxygen	doxygen-docs		http://doxygen.gem5.org/release/v21-2-0-0/index.html		Doxygen
gem5 documentation	Doxygen	doxygen-docs	v21.2.1.0	http://doxygen.gem5.org/release/v21-2-1-0/index.html		v21.2.1.0
gem5 documentation	Doxygen	doxygen-docs		http://doxygen.gem5.org/release/v21-2-1-0/index.html		Doxygen
gem5 documentation	Doxygen	doxygen-docs	v21.2.1.1	http://doxygen.gem5.org/release/v21-2-1-1/index.html		v21.2.1.1
gem5 documentation	Doxygen	doxygen-docs		http://doxygen.gem5.org/release/v21-2-1-1/index.html		Doxygen
gem5 documentation	Doxygen	doxygen-docs	v22.0.0.0	http://doxygen.gem5.org/release/v22-0-0-0/index.html		v22.0.0.0
gem5 documentation	Doxygen	doxygen-docs		http://doxygen.gem5.org/release/v22-0-0-0/index.html		Doxygen
gem5 documentation	Doxygen	doxygen-docs	v22.0.0.1	http://doxygen.gem5.org/release/v22-0-0-1/index.html		v22.0.0.1
gem5 documentation	Doxygen	doxygen-docs		http://doxygen.gem5.org/release/v22-0-0-1/index.html		Doxygen
gem5 documentation	Doxygen	doxygen-docs	v22.1.0.0	http://doxygen.gem5.org/release/v22-1-0-0/index.html		v22.1.0.0
gem5 documentation	Doxygen	doxygen-docs		http://doxygen.gem5.org/release/v22-1-0-0/index.html		Doxygen
gem5 documentation	Doxygen	doxygen-docs	v23.0.0.0	http://doxygen.gem5.org/release/v23-0-0-0/index.html		v23.0.0.0
gem5 documentation	Doxygen	doxygen-docs		http://doxygen.gem5.org/release/v23-0-0-0/index.html		Doxygen
gem5 documentation	Doxygen	doxygen-docs	v23.0.0.1	http://doxygen.gem5.org/release/v23-0-0-1/index.html		v23.0.0.1
gem5 documentation	Doxygen	doxygen-docs		http://doxygen.gem5.org/release/v23-0-0-1/index.html		Doxygen
gem5 documentation	Doxygen	doxygen-docs	v24.1.0.1	http://doxygen.gem5.org/release/v24-1-0-1/index.html		v24.1.0.1
gem5 documentation	Doxygen	doxygen-docs		http://doxygen.gem5.org/release/v24-1-0-1/index.html		Doxygen
gem5 documentation	gem5 standard library	gem5-standard-library	Standard Library Overview	/documentation/gem5-stdlib/overview	_pages/documentation/gem5-stdlib/0-overview.md	Standard Library Overview
gem5 documentation	gem5 standard library	gem5-standard-library		/documentation/gem5-stdlib/overview	_pages/documentation/gem5-stdlib/0-overview.md	gem5 standard library
gem5 documentation	gem5 standard library	gem5-standard-library	Hello World Tutorial	/documentation/gem5-stdlib/hello-world-tutorial	_pages/documentation/gem5-stdlib/1-tutorial-hello-world.md	Hello World Tutorial
gem5 documentation	gem5 standard library	gem5-standard-library		/documentation/gem5-stdlib/hello-world-tutorial	_pages/documentation/gem5-stdlib/1-tutorial-hello-world.md	gem5 standard library
gem5 documentation	gem5 standard library	gem5-standard-library	X86 Full-System Tutorial	/documentation/gem5-stdlib/x86-full-system-tutorial	_pages/documentation/gem5-stdlib/2-tutorial-x86-fs.md	X86 Full-System Tutorial
gem5 documentation	gem5 standard library	gem5-standard-library		/documentation/gem5-stdlib/x86-full-system-tutorial	_pages/documentation/gem5-stdlib/2-tutorial-x86-fs.md	gem5 standard library
gem5 documentation	gem5 standard library	gem5-standard-library	Developing Your Own Components Tutorial	/documentation/gem5-stdlib/develop-own-components-tutorial	_pages/documentation/gem5-stdlib/3-tutorial-developing-own-components.md	Developing Your Own Components Tutorial
gem5 documentation	gem5 standard library	gem5-standard-library		/documentation/gem5-stdlib/develop-own-components-tutorial	_pages/documentation/gem5-stdlib/3-tutorial-developing-own-components.md	gem5 standard library
gem5 documentation	gem5 standard library	gem5-standard-library	How To Create Your Own Board Using The gem5 Standard Library	/documentation/gem5-stdlib/develop-stdlib-board	_pages/documentation/gem5-stdlib/4-tutorial-creating-stdlib-board.md	How To Create Your Own Board Using The gem5 Standard Library
gem5 documentation	gem5 standard library	gem5-standard-library		/documentation/gem5-stdlib/develop-stdlib-board	_pages/documentation/gem5-stdlib/4-tutorial-creating-stdlib-board.md	gem5 standard library
gem5 documentation	gem5 standard library	gem5-standard-library	How to use local resources and data sources in gem5	/documentation/gem5-stdlib/using-local-resources	_pages/documentation/gem5-stdlib/7-using-local-data-sources.md	How to use local resources and data sources in gem5
gem5 documentation	gem5 standard library	gem5-standard-library		/documentation/gem5-stdlib/using-local-resources	_pages/documentation/gem5-stdlib/7-using-local-data-sources.md	gem5 standard library
gem5 documentation	gem5 Resources	gem5_resources		/documentation/general_docs/gem5_resources	_pages/documentation/general_docs/gem5_resources.md	gem5 Resources
gem5 documentation	gem5 APIs	gem5-apis		/documentation/general_docs/gem5-apis	_pages/documentation/general_docs/apis.md	gem5 APIs
gem5 documentation	Full System	fullsystem	Creating Disk Images	/documentation/general_docs/fullsystem/disks		Creating Disk Images
gem5 documentation	Full System	fullsystem		/documentation/general_docs/fullsystem/disks		Full System
gem5 documentation	Full System	fullsystem	Devices	/documentation/general_docs/fullsystem/devices		Devices
gem5 documentation	Full System	fullsystem		/documentation/general_docs/fullsystem/devices		Full System
gem5 documentation	Full System	fullsystem	m5term	/documentation/general_docs/fullsystem/m5term	_pages/documentation/general_docs/fullsystem/m5term.md	m5term
gem5 documentation	Full System	fullsystem		/documentation/general_docs/fullsystem/m5term	_pages/documentation/general_docs/fullsystem/m5term.md	Full System
gem5 documentation	Full System	fullsystem	Building Linux ARM Kernel	/documentation/general_docs/fullsystem/building_arm_kernel	_pages/documentation/general_docs/fullsystem/building_arm_kernel.md	Building Linux ARM Kernel
gem5 documentation	Full System	fullsystem		/documentation/general_docs/fullsystem/building_arm_kernel	_pages/documentation/general_docs/fullsystem/building_arm_kernel.md	Full System
gem5 documentation	Full System	fullsystem	Building Android Marshmallow	/documentation/general_docs/fullsystem/building_android_m	_pages/documentation/general_docs/fullsystem/building_android_m.md	Building Android Marshmallow
gem5 documentation	Full System	fullsystem		/documentation/general_docs/fullsystem/building_android_m	_pages/documentation/general_docs/fullsystem/building_android_m.md	Full System
gem5 documentation	Full System	fullsystem	Guest binaries	/documentation/general_docs/fullsystem/guest_binaries	_pages/documentation/general_docs/fullsystem/guest_binaries.md	Guest binaries
gem5 documentation	Full System	fullsystem		/documentation/general_docs/fullsystem/guest_binaries	_pages/documentation/general_docs/fullsystem/guest_binaries.md	Full System
gem5 documentation	Full System	fullsystem	Supported Disk-Images and Kernels	/documentation/general_docs/fullsystem/supported_disks_and_kernels	_pages/documentation/general_docs/fullsystem/supported_disks_and_kernel.md	Supported Disk-Images and Kernels
gem5 documentation	Full System	fullsystem		/documentation/general_docs/fullsystem/supported_disks_and_kernels	_pages/documentation/general_docs/fullsystem/supported_disks_and_kernel.md	Full System
gem5 documentation	Memory System	memory_system	Memory System	/documentation/general_docs/memory_system/	_pages/documentation/general_docs/memory_system/index.md	Memory System
gem5 documentation	Memory System	memory_system		/documentation/general_docs/memory_system/	_pages/documentation/general_docs/memory_system/index.md	Memory System
gem5 documentation	Memory System	memory_system	gem5 Memory System	/documentation/general_docs/memory_system/gem5_memory_system	_pages/documentation/general_docs/memory_system/gem5_memory_system.md	gem5 Memory System
gem5 documentation	Memory System	memory_system		/documentation/general_docs/memory_system/gem5_memory_system	_pages/documentation/general_docs/memory_system/gem5_memory_system.md	Memory System
gem5 documentation	Memory System	memory_system	Replacement Policies	/documentation/general_docs/memory_system/replacement_policies	_pages/documentation/general_docs/memory_system/replacement_policies.md	Replacement Policies
gem5 documentation	Memory System	memory_system		/documentation/general_docs/memory_system/replacement_policies	_pages/documentation/general_docs/memory_system/replacement_policies.md	Memory System
gem5 documentation	Memory System	memory_system	Indexing Policies	/documentation/general_docs/memory_system/indexing_policies	_pages/documentation/general_docs/memory_system/indexing_policies.md	Indexing Policies
gem5 documentation	Memory System	memory_system		/documentation/general_docs/memory_system/indexing_policies	_pages/documentation/general_docs/memory_system/indexing_policies.md	Memory System
gem5 documentation	Memory System	memory_system	Classic memory system coherence	/documentation/general_docs/memory_system/classic-coherence-protocol	_pages/documentation/general_docs/memory_system/classic-coherence-protocol.md	Classic memory system coherence
gem5 documentation	Memory System	memory_system		/documentation/general_docs/memory_system/classic-coherence-protocol	_pages/documentation/general_docs/memory_system/classic-coherence-protocol.md	Memory System
gem5 documentation	Memory System	memory_system	Classic caches	/documentation/general_docs/memory_system/classic_caches	_pages/documentation/general_docs/memory_system/classic_caches.md	Classic caches
gem5 documentation	Memory System	memory_system		/documentation/general_docs/memory_system/classic_caches	_pages/documentation/general_docs/memory_system/classic_caches.md	Memory System
gem5 documentation	Ruby Memory System	ruby	Ruby	/documentation/general_docs/ruby	_pages/documentation/general_docs/ruby/index.md	Ruby
gem5 documentation	Ruby Memory System	ruby		/documentation/general_docs/ruby	_pages/documentation/general_docs/ruby/index.md	Ruby Memory System
gem5 documentation	Ruby Memory System	ruby	Cache Coherence Protocols	/documentation/general_docs/ruby/cache-coherence-protocols	_pages/documentation/general_docs/ruby/cache-coherence-protocols.md	Cache Coherence Protocols
gem5 documentation	Ruby Memory System	ruby		/documentation/general_docs/ruby/cache-coherence-protocols	_pages/documentation/general_docs/ruby/cache-coherence-protocols.md	Ruby Memory System
gem5 documentation	Ruby Memory System	ruby	Garnet 2.0	/documentation/general_docs/ruby/garnet-2	_pages/documentation/general_docs/ruby/garnet-2.md	Garnet 2.0
gem5 documentation	Ruby Memory System	ruby		/documentation/general_docs/ruby/garnet-2	_pages/documentation/general_docs/ruby/garnet-2.md	Ruby Memory System
gem5 documentation	Ruby Memory System	ruby	HeteroGarnet	/documentation/general_docs/ruby/heterogarnet	_pages/documentation/general_docs/ruby/heterogarnet.md	HeteroGarnet
gem5 documentation	Ruby Memory System	ruby		/documentation/general_docs/ruby/heterogarnet	_pages/documentation/general_docs/ruby/heterogarnet.md	Ruby Memory System
gem5 documentation	Ruby Memory System	ruby	MOESI CMP directory	/documentation/general_docs/ruby/MOESI_CMP_directory	_pages/documentation/general_docs/ruby/MOESI_CMP_directory.md	MOESI CMP directory
gem5 documentation	Ruby Memory System	ruby		/documentation/general_docs/ruby/MOESI_CMP_directory	_pages/documentation/general_docs/ruby/MOESI_CMP_directory.md	Ruby Memory System
gem5 documentation	Ruby Memory System	ruby	Garnet Synthetic Traffic	/documentation/general_docs/ruby/garnet_synthetic_traffic	_pages/documentation/general_docs/ruby/garnet_synthetic_traffic.md	Garnet Synthetic Traffic
gem5 documentation	Ruby Memory System	ruby		/documentation/general_docs/ruby/garnet_synthetic_traffic	_pages/documentation/general_docs/ruby/garnet_synthetic_traffic.md	Ruby Memory System
gem5 documentation	Ruby Memory System	ruby	SLICC	/documentation/general_docs/ruby/slicc	_pages/documentation/general_docs/ruby/slicc.md	SLICC
gem5 documentation	Ruby Memory System	ruby		/documentation/general_docs/ruby/slicc	_pages/documentation/general_docs/ruby/slicc.md	Ruby Memory System
gem5 documentation	Ruby Memory System	ruby	MI example	/documentation/general_docs/ruby/MI_example	_pages/documentation/general_docs/ruby/MI_example.md	MI example
gem5 documentation	Ruby Memory System	ruby		/documentation/general_docs/ruby/MI_example	_pages/documentation/general_docs/ruby/MI_example.md	Ruby Memory System
gem5 documentation	Ruby Memory System	ruby	Garnet standalone	/documentation/general_docs/ruby/Garnet_standalone	_pages/documentation/general_docs/ruby/Garnet_standalone.md	Garnet standalone
gem5 documentation	Ruby Memory System	ruby		/documentation/general_docs/ruby/Garnet_standalone	_pages/documentation/general_docs/ruby/Garnet_standalone.md	Ruby Memory System
gem5 documentation	Ruby Memory System	ruby	Interconnection network	/documentation/general_docs/ruby/interconnection-network	_pages/documentation/general_docs/ruby/interconnection-network.md	Interconnection network
gem5 documentation	Ruby Memory System	ruby		/documentation/general_docs/ruby/interconnection-network	_pages/documentation/general_docs/ruby/interconnection-network.md	Ruby Memory System
gem5 documentation	Ruby Memory System	ruby	MOESI hammer	/documentation/general_docs/ruby/MOESI_hammer	_pages/documentation/general_docs/ruby/MOESI_hammer.md	MOESI hammer
gem5 documentation	Ruby Memory System	ruby		/documentation/general_docs/ruby/MOESI_hammer	_pages/documentation/general_docs/ruby/MOESI_hammer.md	Ruby Memory System
gem5 documentation	Ruby Memory System	ruby	MOESI CMP token	/documentation/general_docs/ruby/MOESI_CMP_token	_pages/documentation/general_docs/ruby/MOESI_CMP_token.md	MOESI CMP token
gem5 documentation	Ruby Memory System	ruby		/documentation/general_docs/ruby/MOESI_CMP_token	_pages/documentation/general_docs/ruby/MOESI_CMP_token.md	Ruby Memory System
gem5 documentation	Ruby Memory System	ruby	MESI two level	/documentation/general_docs/ruby/MESI_Two_Level	_pages/documentation/general_docs/ruby/MESI_Two_Level.md	MESI two level
gem5 documentation	Ruby Memory System	ruby		/documentation/general_docs/ruby/MESI_Two_Level	_pages/documentation/general_docs/ruby/MESI_Two_Level.md	Ruby Memory System
gem5 documentation	Ruby Memory System	ruby	CHI	/documentation/general_docs/ruby/CHI	_pages/documentation/general_docs/ruby/CHI.md	CHI
gem5 documentation	Ruby Memory System	ruby		/documentation/general_docs/ruby/CHI	_pages/documentation/general_docs/ruby/CHI.md	Ruby Memory System
gem5 documentation	Ruby Memory System	ruby	Replacement Policies	/documentation/general_docs/memory_system/replacement_policies	_pages/documentation/general_docs/memory_system/replacement_policies.md	Replacement Policies
gem5 documentation	Ruby Memory System	ruby		/documentation/general_docs/memory_system/replacement_policies	_pages/documentation/general_docs/memory_system/replacement_policies.md	Ruby Memory System
gem5 documentation	CPU Models	cpu_models		/documentation/general_docs/cpu_models/	_pages/documentation/general_docs/cpu_models/index.md	CPU Models
gem5 documentation	CPU Models	cpu_models	SimpleCPU	/documentation/general_docs/cpu_models/SimpleCPU	_pages/documentation/general_docs/cpu_models/simplecpu.md	SimpleCPU
gem5 documentation	CPU Models	cpu_models		/documentation/general_docs/cpu_models/SimpleCPU	_pages/documentation/general_docs/cpu_models/simplecpu.md	CPU Models
gem5 documentation	CPU Models	cpu_models	O3CPU	/documentation/general_docs/cpu_models/O3CPU		O3CPU
gem5 documentation	CPU Models	cpu_models		/documentation/general_docs/cpu_models/O3CPU		CPU Models
gem5 documentation	CPU Models	cpu_models	TraceCPU	/documentation/general_docs/cpu_models/TraceCPU	_pages/documentation/general_docs/cpu_models/tracecpu.md	TraceCPU
gem5 documentation	CPU Models	cpu_models		/documentation/general_docs/cpu_models/TraceCPU	_pages/documentation/general_docs/cpu_models/tracecpu.md	CPU Models
gem5 documentation	CPU Models	cpu_models	Minor CPU Model	/documentation/general_docs/cpu_models/minor_cpu	_pages/documentation/general_docs/cpu_models/minor_cpu.md	Minor CPU Model
gem5 documentation	CPU Models	cpu_models		/documentation/general_docs/cpu_models/minor_cpu	_pages/documentation/general_docs/cpu_models/minor_cpu.md	CPU Models
gem5 documentation	CPU Models	cpu_models	Execution Basics	/documentation/general_docs/cpu_models/execution_basics	_pages/documentation/general_docs/cpu_models/execution_basics.md	Execution Basics
gem5 documentation	CPU Models	cpu_models		/documentation/general_docs/cpu_models/execution_basics	_pages/documentation/general_docs/cpu_models/execution_basics.md	CPU Models
gem5 documentation	CPU Models	cpu_models	Visualization	/documentation/general_docs/cpu_models/visualization	_pages/documentation/general_docs/cpu_models/visualization.md	Visualization
gem5 documentation	CPU Models	cpu_models		/documentation/general_docs/cpu_models/visualization	_pages/documentation/general_docs/cpu_models/visualization.md	CPU Models
gem5 documentation	GPU Models	gpu_models	Full System	/documentation/general_docs/gpu_models/gpufs	_pages/documentation/general_docs/gpu_models/gpufs.md	Full System
gem5 documentation	GPU Models	gpu_models		/documentation/general_docs/gpu_models/gpufs	_pages/documentation/general_docs/gpu_models/gpufs.md	GPU Models
gem5 documentation	GPU Models	gpu_models	System Emulation	/documentation/general_docs/gpu_models/vega	_pages/documentation/general_docs/gpu_models/vega.md	System Emulation
gem5 documentation	GPU Models	gpu_models		/documentation/general_docs/gpu_models/vega	_pages/documentation/general_docs/gpu_models/vega.md	GPU Models
gem5 documentation	M5ops	m5ops		/documentation/general_docs/m5ops	_pages/documentation/general_docs/m5ops.md	M5ops
gem5 documentation	Checkpoints	checkpoints		/documentation/general_docs/checkpoints	_pages/documentation/general_docs/checkpoints.md	Checkpoints
gem5 documentation	Directed Testers	directed_testers	Garnet Synthetic Traffic	/documentation/general_docs/debugging_and_testing/directed_testers/garnet_synthetic_traffic	_pages/documentation/general_docs/debugging_and_testing/directed_testers/garnet_synthetic_traffic.md	Garnet Synthetic Traffic
gem5 documentation	Directed Testers	directed_testers		/documentation/general_docs/debugging_and_testing/directed_testers/garnet_synthetic_traffic	_pages/documentation/general_docs/debugging_and_testing/directed_testers/garnet_synthetic_traffic.md	Directed Testers
gem5 documentation	Directed Testers	directed_testers	Ruby Random Tester	/documentation/general_docs/debugging_and_testing/directed_testers/ruby_random_tester	_pages/documentation/general_docs/debugging_and_testing/directed_testers/ruby_random_tester.md	Ruby Random Tester
gem5 documentation	Directed Testers	directed_testers		/documentation/general_docs/debugging_and_testing/directed_testers/ruby_random_tester	_pages/documentation/general_docs/debugging_and_testing/directed_testers/ruby_random_tester.md	Directed Testers
gem5 documentation	Debugging	debugging	Trace-based Debugging	/documentation/general_docs/debugging_and_testing/debugging/trace_based_debugging	_pages/documentation/general_docs/debugging_and_testing/debugging/trace_baced_debugging.md	Trace-based Debugging
gem5 documentation	Debugging	debugging		/documentation/general_docs/debugging_and_testing/debugging/trace_based_debugging	_pages/documentation/general_docs/debugging_and_testing/debugging/trace_baced_debugging.md	Debugging
gem5 documentation	Debugging	debugging	Debugger-based Debugging	/documentation/general_docs/debugging_and_testing/debugging/debugger_based_debugging	_pages/documentation/general_docs/debugging_and_testing/debugging/debugger_based_debugging.md	Debugger-based Debugging
gem5 documentation	Debugging	debugging		/documentation/general_docs/debugging_and_testing/debugging/debugger_based_debugging	_pages/documentation/general_docs/debugging_and_testing/debugging/debugger_based_debugging.md	Debugging
gem5 documentation	Debugging	debugging	Debugging Simulated Code	/documentation/general_docs/debugging_and_testing/debugging/debugging_simulated_code	_pages/documentation/general_docs/debugging_and_testing/debugging/debugging_simulated_code.md	Debugging Simulated Code
gem5 documentation	Debugging	debugging		/documentation/general_docs/debugging_and_testing/debugging/debugging_simulated_code	_pages/documentation/general_docs/debugging_and_testing/debugging/debugging_simulated_code.md	Debugging
gem5 documentation	Debugging	debugging	Reporting Problems	/documentation/reporting_problems		Reporting Problems
gem5 documentation	Debugging	debugging		/documentation/reporting_problems		Debugging
gem5 documentation	Architecture Support	architecture_support	Architecture Support	/documentation/general_docs/architecture_support/	_pages/documentation/general_docs/architecture_support/index.md	Architecture Support
gem5 documentation	Architecture Support	architecture_support		/documentation/general_docs/architecture_support/	_pages/documentation/general_docs/architecture_support/index.md	Architecture Support
gem5 documentation	Architecture Support	architecture_support	ARM Implementation	/documentation/general_docs/architecture_support/arm_implementation/	_pages/documentation/general_docs/architecture_support/arm_implementation.md	ARM Implementation
gem5 documentation	Architecture Support	architecture_support		/documentation/general_docs/architecture_support/arm_implementation/	_pages/documentation/general_docs/architecture_support/arm_implementation.md	Architecture Support
gem5 documentation	Architecture Support	architecture_support	ISA Parser	/documentation/general_docs/architecture_support/isa_parser/		ISA Parser
gem5 documentation	Architecture Support	architecture_support		/documentation/general_docs/architecture_support/isa_parser/		Architecture Support
gem5 documentation	Architecture Support	architecture_support	X86 microop ISA	/documentation/general_docs/architecture_support/x86_microop_isa/		X86 microop ISA
gem5 documentation	Architecture Support	architecture_support		/documentation/general_docs/architecture_support/x86_microop_isa/		Architecture Support
gem5 documentation	Power and Thermal Model			/documentation/general_docs/thermal_model	_pages/documentation/general_docs/thermal_model.md	Power and Thermal Model
gem5 documentation	Compiling Workloads	compiling_workloads		/documentation/general_docs/compiling_workloads/	_pages/documentation/general_docs/compiling_workloads/index.md	Compiling Workloads
gem5 documentation	Stats Package	statistics		/documentation/general_docs/statistics/	_pages/documentation/general_docs/statistics/statistics.md	Stats Package
gem5 documentation	Stats API	statistics-api		/documentation/general_docs/statistics/api	_pages/documentation/general_docs/statistics/stats-api.md	Stats API
gem5 documentation	Introduction	introduction		/documentation/learning_gem5/introduction	_pages/documentation/learning_gem5/part0_introduction.md	Introduction
gem5 documentation	Getting Started	part1	Building gem5	/documentation/learning_gem5/part1/building	_pages/documentation/learning_gem5/part1/part1_1_building.md	Building gem5
gem5 documentation	Getting Started	part1		/documentation/learning_gem5/part1/building	_pages/documentation/learning_gem5/part1/part1_1_building.md	Getting Started
gem5 documentation	Getting Started	part1	Creating a simple configuration script	/documentation/learning_gem5/part1/simple_config	_pages/documentation/learning_gem5/part1/part1_2_simple_config.md	Creating a simple configuration script
gem5 documentation	Getting Started	part1		/documentation/learning_gem5/part1/simple_config	_pages/documentation/learning_gem5/part1/part1_2_simple_config.md	Getting Started
gem5 documentation	Getting Started	part1	Adding cache to configuration script	/documentation/learning_gem5/part1/cache_config	_pages/documentation/learning_gem5/part1/part1_3_more_complex_config.md	Adding cache to configuration script
gem5 documentation	Getting Started	part1		/documentation/learning_gem5/part1/cache_config	_pages/documentation/learning_gem5/part1/part1_3_more_complex_config.md	Getting Started
gem5 documentation	Getting Started	part1	Understanding gem5 statistics and output	/documentation/learning_gem5/part1/gem5_stats	_pages/documentation/learning_gem5/part1/part1_4_gem5_stats.md	Understanding gem5 statistics and output
gem5 documentation	Getting Started	part1		/documentation/learning_gem5/part1/gem5_stats	_pages/documentation/learning_gem5/part1/part1_4_gem5_stats.md	Getting Started
gem5 documentation	Getting Started	part1	Using the default configuration scripts	/documentation/learning_gem5/part1/example_configs	_pages/documentation/learning_gem5/part1/part1_5_gem5_example_configs.md	Using the default configuration scripts
gem5 documentation	Getting Started	part1		/documentation/learning_gem5/part1/example_configs	_pages/documentation/learning_gem5/part1/part1_5_gem5_example_configs.md	Getting Started
gem5 documentation	Getting Started	part1	Extending gem5 for ARM	/documentation/learning_gem5/part1/extending_configs	_pages/documentation/learning_gem5/part1/part1_6_extending_configs.md	Extending gem5 for ARM
gem5 documentation	Getting Started	part1		/documentation/learning_gem5/part1/extending_configs	_pages/documentation/learning_gem5/part1/part1_6_extending_configs.md	Getting Started
gem5 documentation	Modifying/Extending	part2	Setting up your development environment	/documentation/learning_gem5/part2/environment	_pages/documentation/learning_gem5/part2/part2_0_environment.md	Setting up your development environment
gem5 documentation	Modifying/Extending	part2		/documentation/learning_gem5/part2/environment	_pages/documentation/learning_gem5/part2/part2_0_environment.md	Modifying/Extending
gem5 documentation	Modifying/Extending	part2	Creating a very simple SimObject	/documentation/learning_gem5/part2/helloobject	_pages/documentation/learning_gem5/part2/part2_1_helloobject.md	Creating a very simple SimObject
gem5 documentation	Modifying/Extending	part2		/documentation/learning_gem5/part2/helloobject	_pages/documentation/learning_gem5/part2/part2_1_helloobject.md	Modifying/Extending
gem5 documentation	Modifying/Extending	part2	Debugging gem5	/documentation/learning_gem5/part2/debugging	_pages/documentation/learning_gem5/part2/part2_2_debugging.md	Debugging gem5
gem5 documentation	Modifying/Extending	part2		/documentation/learning_gem5/part2/debugging	_pages/documentation/learning_gem5/part2/part2_2_debugging.md	Modifying/Extending
gem5 documentation	Modifying/Extending	part2	Event-driven programming	/documentation/learning_gem5/part2/events	_pages/documentation/learning_gem5/part2/part2_3_events.md	Event-driven programming
gem5 documentation	Modifying/Extending	part2		/documentation/learning_gem5/part2/events	_pages/documentation/learning_gem5/part2/part2_3_events.md	Modifying/Extending
gem5 documentation	Modifying/Extending	part2	Adding parameters to SimObjects and more events	/documentation/learning_gem5/part2/parameters	_pages/documentation/learning_gem5/part2/part2_4_parameters.md	Adding parameters to SimObjects and more events
gem5 documentation	Modifying/Extending	part2		/documentation/learning_gem5/part2/parameters	_pages/documentation/learning_gem5/part2/part2_4_parameters.md	Modifying/Extending
gem5 documentation	Modifying/Extending	part2	Creating SimObjects in the memory system	/documentation/learning_gem5/part2/memoryobject	_pages/documentation/learning_gem5/part2/part2_5_memoryobject.md	Creating SimObjects in the memory system
gem5 documentation	Modifying/Extending	part2		/documentation/learning_gem5/part2/memoryobject	_pages/documentation/learning_gem5/part2/part2_5_memoryobject.md	Modifying/Extending
gem5 documentation	Modifying/Extending	part2	Creating a simple cache object	/documentation/learning_gem5/part2/simplecache	_pages/documentation/learning_gem5/part2/part2_6_simplecache.md	Creating a simple cache object
gem5 documentation	Modifying/Extending	part2		/documentation/learning_gem5/part2/simplecache	_pages/documentation/learning_gem5/part2/part2_6_simplecache.md	Modifying/Extending
gem5 documentation	Modifying/Extending	part2	ARM Power Modelling	/documentation/learning_gem5/part2/arm_power_modelling	_pages/documentation/learning_gem5/part2/part2_7_arm_power_modelling.md	ARM Power Modelling
gem5 documentation	Modifying/Extending	part2		/documentation/learning_gem5/part2/arm_power_modelling	_pages/documentation/learning_gem5/part2/part2_7_arm_power_modelling.md	Modifying/Extending
gem5 documentation	Modifying/Extending	part2	ARM DVFS Support	/documentation/learning_gem5/part2/arm_dvfs_support	_pages/documentation/learning_gem5/part2/part2_8_arm_dvfs_support.md	ARM DVFS Support
gem5 documentation	Modifying/Extending	part2		/documentation/learning_gem5/part2/arm_dvfs_support	_pages/documentation/learning_gem5/part2/part2_8_arm_dvfs_support.md	Modifying/Extending
gem5 documentation	Modeling Cache Coherence with Ruby	part3	Introduction to Ruby	/documentation/learning_gem5/part3/MSIintro	_pages/documentation/learning_gem5/part3/part3_00_MSIntro.md	Introduction to Ruby
gem5 documentation	Modeling Cache Coherence with Ruby	part3		/documentation/learning_gem5/part3/MSIintro	_pages/documentation/learning_gem5/part3/part3_00_MSIntro.md	Modeling Cache Coherence with Ruby
gem5 documentation	Modeling Cache Coherence with Ruby	part3	MSI example cache protocol	/documentation/learning_gem5/part3/cache-intro	_pages/documentation/learning_gem5/part3/part3_01_cache-intro.md	MSI example cache protocol
gem5 documentation	Modeling Cache Coherence with Ruby	part3		/documentation/learning_gem5/part3/cache-intro	_pages/documentation/learning_gem5/part3/part3_01_cache-intro.md	Modeling Cache Coherence with Ruby
gem5 documentation	Modeling Cache Coherence with Ruby	part3	Declaring a state machine	/documentation/learning_gem5/part3/cache-declarations	_pages/documentation/learning_gem5/part3/part3_02_cache-declarations.md	Declaring a state machine
gem5 documentation	Modeling Cache Coherence with Ruby	part3		/documentation/learning_gem5/part3/cache-declarations	_pages/documentation/learning_gem5/part3/part3_02_cache-declarations.md	Modeling Cache Coherence with Ruby
gem5 documentation	Modeling Cache Coherence with Ruby	part3	In port code blocks	/documentation/learning_gem5/part3/cache-in-ports		In port code blocks
gem5 documentation	Modeling Cache Coherence with Ruby	part3		/documentation/learning_gem5/part3/cache-in-ports		Modeling Cache Coherence with Ruby
gem5 documentation	Modeling Cache Coherence with Ruby	part3	Action code blocks	/documentation/learning_gem5/part3/cache-actions	_pages/documentation/learning_gem5/part3/part3_04_cache_actions.md	Action code blocks
gem5 documentation	Modeling Cache Coherence with Ruby	part3		/documentation/learning_gem5/part3/cache-actions	_pages/documentation/learning_gem5/part3/part3_04_cache_actions.md	Modeling Cache Coherence with Ruby
gem5 documentation	Modeling Cache Coherence with Ruby	part3	Transition code blocks	/documentation/learning_gem5/part3/cache-transitions	_pages/documentation/learning_gem5/part3/part3_05_cache_transitions.md	Transition code blocks
gem5 documentation	Modeling Cache Coherence with Ruby	part3		/documentation/learning_gem5/part3/cache-transitions	_pages/documentation/learning_gem5/part3/part3_05_cache_transitions.md	Modeling Cache Coherence with Ruby
gem5 documentation	Modeling Cache Coherence with Ruby	part3	MSI Directory implementation	/documentation/learning_gem5/part3/directory	_pages/documentation/learning_gem5/part3/part3_06_directory.md	MSI Directory implementation
gem5 documentation	Modeling Cache Coherence with Ruby	part3		/documentation/learning_gem5/part3/directory	_pages/documentation/learning_gem5/part3/part3_06_directory.md	Modeling Cache Coherence with Ruby
gem5 documentation	Modeling Cache Coherence with Ruby	part3	Compiling a SLICC protocol	/documentation/learning_gem5/part3/MSIbuilding	_pages/documentation/learning_gem5/part3/part3_07_MSIbuilding.md	Compiling a SLICC protocol
gem5 documentation	Modeling Cache Coherence with Ruby	part3		/documentation/learning_gem5/part3/MSIbuilding	_pages/documentation/learning_gem5/part3/part3_07_MSIbuilding.md	Modeling Cache Coherence with Ruby
gem5 documentation	Modeling Cache Coherence with Ruby	part3	Configuring a simple Ruby system	/documentation/learning_gem5/part3/configuration	_pages/documentation/learning_gem5/part3/part3_08_configuration.md	Configuring a simple Ruby system
gem5 documentation	Modeling Cache Coherence with Ruby	part3		/documentation/learning_gem5/part3/configuration	_pages/documentation/learning_gem5/part3/part3_08_configuration.md	Modeling Cache Coherence with Ruby
gem5 documentation	Modeling Cache Coherence with Ruby	part3	Running the simple Ruby system	/documentation/learning_gem5/part3/running	_pages/documentation/learning_gem5/part3/part3_09_running.md	Running the simple Ruby system
gem5 documentation	Modeling Cache Coherence with Ruby	part3		/documentation/learning_gem5/part3/running	_pages/documentation/learning_gem5/part3/part3_09_running.md	Modeling Cache Coherence with Ruby
gem5 documentation	Modeling Cache Coherence with Ruby	part3	Debugging SLICC Protocols	/documentation/learning_gem5/part3/MSIdebugging	_pages/documentation/learning_gem5/part3/part3_10_MSIdebugging.md	Debugging SLICC Protocols
gem5 documentation	Modeling Cache Coherence with Ruby	part3		/documentation/learning_gem5/part3/MSIdebugging	_pages/documentation/learning_gem5/part3/part3_10_MSIdebugging.md	Modeling Cache Coherence with Ruby
gem5 documentation	Modeling Cache Coherence with Ruby	part3	Configuring for a standard protocol	/documentation/learning_gem5/part3/simple-MI_example	_pages/documentation/learning_gem5/part3/part3_11_simple-MI_example.md	Configuring for a standard protocol
gem5 documentation	Modeling Cache Coherence with Ruby	part3		/documentation/learning_gem5/part3/simple-MI_example	_pages/documentation/learning_gem5/part3/part3_11_simple-MI_example.md	Modeling Cache Coherence with Ruby
gem5 documentation	gem5 101	gem5_101	gem5 101	/documentation/learning_gem5/gem5_101	_pages/documentation/learning_gem5/gem5_101/0_gem5_101.md	gem5 101
gem5 documentation	gem5 101	gem5_101		/documentation/learning_gem5/gem5_101	_pages/documentation/learning_gem5/gem5_101/0_gem5_101.md	gem5 101
gem5 documentation	gem5 101	gem5_101	Homework 1	/documentation/learning_gem5/gem5_101/homework-1	_pages/documentation/learning_gem5/gem5_101/1_gem5_101_homework1.md	Homework 1
gem5 documentation	gem5 101	gem5_101		/documentation/learning_gem5/gem5_101/homework-1	_pages/documentation/learning_gem5/gem5_101/1_gem5_101_homework1.md	gem5 101
gem5 documentation	gem5 101	gem5_101	Homework 2	/documentation/learning_gem5/gem5_101/homework-2	_pages/documentation/learning_gem5/gem5_101/2_gem5_101_homework2.md	Homework 2
gem5 documentation	gem5 101	gem5_101		/documentation/learning_gem5/gem5_101/homework-2	_pages/documentation/learning_gem5/gem5_101/2_gem5_101_homework2.md	gem5 101
gem5 documentation	gem5 101	gem5_101	Homework 3	/documentation/learning_gem5/gem5_101/homework-3	_pages/documentation/learning_gem5/gem5_101/3_gem5_101_homework3.md	Homework 3
gem5 documentation	gem5 101	gem5_101		/documentation/learning_gem5/gem5_101/homework-3	_pages/documentation/learning_gem5/gem5_101/3_gem5_101_homework3.md	gem5 101
gem5 documentation	gem5 101	gem5_101	Homework 4	/documentation/learning_gem5/gem5_101/homework-4	_pages/documentation/learning_gem5/gem5_101/4_gem5_101_homework4.md	Homework 4
gem5 documentation	gem5 101	gem5_101		/documentation/learning_gem5/gem5_101/homework-4	_pages/documentation/learning_gem5/gem5_101/4_gem5_101_homework4.md	gem5 101
gem5 documentation	gem5 101	gem5_101	Homework 5	/documentation/learning_gem5/gem5_101/homework-5	_pages/documentation/learning_gem5/gem5_101/5_gem5_101_homework5.md	Homework 5
gem5 documentation	gem5 101	gem5_101		/documentation/learning_gem5/gem5_101/homework-5	_pages/documentation/learning_gem5/gem5_101/5_gem5_101_homework5.md	gem5 101
gem5 documentation	gem5 101	gem5_101	Homework 6	/documentation/learning_gem5/gem5_101/homework-6	_pages/documentation/learning_gem5/gem5_101/6_gem5_101_homework6.md	Homework 6
gem5 documentation	gem5 101	gem5_101		/documentation/learning_gem5/gem5_101/homework-6	_pages/documentation/learning_gem5/gem5_101/6_gem5_101_homework6.md	gem5 101
gem5 documentation	gem5 Doxygen	doxygen		http://doxygen.gem5.org/release/current/index.html		gem5 Doxygen
gem5 documentation	Introduction	introduction		/documentation/gem5art/introduction	_pages/documentation/gem5art/introduction.md	Introduction
gem5 documentation	Details	main	Summary	/documentation/gem5art/main/summary	_pages/documentation/gem5art/main/main_1_summary.md	Summary
gem5 documentation	Details	main		/documentation/gem5art/main/summary	_pages/documentation/gem5art/main/main_1_summary.md	Details
gem5 documentation	Details	main	Artifacts	/documentation/gem5art/main/artifacts	_pages/documentation/gem5art/main/main_2_artifacts.md	Artifacts
gem5 documentation	Details	main		/documentation/gem5art/main/artifacts	_pages/documentation/gem5art/main/main_2_artifacts.md	Details
gem5 documentation	Details	main	Runs	/documentation/gem5art/main/run	_pages/documentation/gem5art/main/main_3_run.md	Runs
gem5 documentation	Details	main		/documentation/gem5art/main/run	_pages/documentation/gem5art/main/main_3_run.md	Details
gem5 documentation	Details	main	Tasks	/documentation/gem5art/main/tasks	_pages/documentation/gem5art/main/main_4_tasks.md	Tasks
gem5 documentation	Details	main		/documentation/gem5art/main/tasks	_pages/documentation/gem5art/main/main_4_tasks.md	Details
gem5 documentation	Details	main	Disk Images	/documentation/gem5art/main/disks	_pages/documentation/gem5art/main/main_5_disks.md	Disk Images
gem5 documentation	Details	main		/documentation/gem5art/main/disks	_pages/documentation/gem5art/main/main_5_disks.md	Details
gem5 documentation	Details	main	FAQ	/documentation/gem5art/main/faq	_pages/documentation/gem5art/main/main_6_faq.md	FAQ
gem5 documentation	Details	main		/documentation/gem5art/main/faq	_pages/documentation/gem5art/main/main_6_faq.md	Details
gem5 documentation	Tutorials	tutorial	Boot Tutorial	/documentation/gem5art/tutorials/boot-tutorial	_pages/documentation/gem5art/tutorials/tutorial_1_boot.md	Boot Tutorial
gem5 documentation	Tutorials	tutorial		/documentation/gem5art/tutorials/boot-tutorial	_pages/documentation/gem5art/tutorials/tutorial_1_boot.md	Tutorials
gem5 documentation	Tutorials	tutorial	NPB Tutorial	/documentation/gem5art/tutorials/npb-tutorial	_pages/documentation/gem5art/tutorials/tutorial_2_npb.md	NPB Tutorial
gem5 documentation	Tutorials	tutorial		/documentation/gem5art/tutorials/npb-tutorial	_pages/documentation/gem5art/tutorials/tutorial_2_npb.md	Tutorials
gem5 documentation	Tutorials	tutorial	PARSEC Tutorial	/documentation/gem5art/tutorials/parsec-tutorial	_pages/documentation/gem5art/tutorials/tutorial_3_parsec.md	PARSEC Tutorial
gem5 documentation	Tutorials	tutorial		/documentation/gem5art/tutorials/parsec-tutorial	_pages/documentation/gem5art/tutorials/tutorial_3_parsec.md	Tutorials
gem5 documentation	Tutorials	tutorial	SPEC Tutorial	/documentation/gem5art/tutorials/spec-tutorial	_pages/documentation/gem5art/tutorials/tutorial_4_spec.md	SPEC Tutorial
gem5 documentation	Tutorials	tutorial		/documentation/gem5art/tutorials/spec-tutorial	_pages/documentation/gem5art/tutorials/tutorial_4_spec.md	Tutorials
gem5 documentation	Tutorials	tutorial	Microbench Tutorial	/documentation/gem5art/tutorials/microbench-tutorial	_pages/documentation/gem5art/tutorials/tutorial_5_microbench.md	Microbench Tutorial
gem5 documentation	Tutorials	tutorial		/documentation/gem5art/tutorials/microbench-tutorial	_pages/documentation/gem5art/tutorials/tutorial_5_microbench.md	Tutorials
gem5 documentation	Reporting Problems	reporting_problems		/documentation/reporting_problems		Reporting Problems
gem5 documentation	Common Errors	common-errors		/documentation/general_docs/common-errors/	_pages/documentation/general_docs/common-errors.md	Common Errors
gem5 documentation	Moving Active Changes from Gerrit to GitHub	moving_to_github		/documentation/general_docs/moving_to_github/	_pages/documentation/general_docs/moving_to_github.md	Moving Active Changes from Gerrit to GitHub
gem5 documentation	Kconfig Build System	kconfig_build_system		/documentation/general_docs/kconfig_build_system/	_pages/documentation/general_docs/kconfig_build_system.md	Kconfig Build System
